stack,rec,layer,concept_set,concept,method,n_proteins,pos_domains,pos_residues,precision,precision_lo,precision_hi,recall,recall_lo,recall_hi,f1,f1_lo,f1_hi,f1_se,f1_boot_mean,f1_bias,n_boot,boot_seed
pairformer,1,6,secondary,secondary_structure:helix,sae,250,3202,38043,0.86387,0.84993,0.87762,0.7461,0.72896,0.76325,0.80067,0.78735,0.81343,0.00676,0.80067,1e-05,2000,0
pairformer,1,6,secondary,secondary_structure:helix,neuron,250,3202,38043,0.68546,0.6576,0.71282,0.8476,0.8336,0.86141,0.75795,0.73898,0.77614,0.00945,0.75769,0.00026,2000,0
pairformer,1,6,secondary,secondary_structure:helix,probe_raw,250,3202,38043,0.73826,0.721,0.75561,0.97783,0.97151,0.98332,0.84132,0.82958,0.85279,0.00588,0.84126,5e-05,2000,0
pairformer,1,6,secondary,secondary_structure:strand,sae,250,3429,12259,0.48597,0.45799,0.51127,0.45903,0.43007,0.48959,0.47211,0.45024,0.49338,0.01107,0.47165,0.00046,2000,0
pairformer,1,6,secondary,secondary_structure:strand,neuron,250,3429,12259,0.56234,0.52732,0.59237,0.49315,0.44819,0.53761,0.52548,0.49247,0.55495,0.01597,0.52528,0.00019,2000,0
pairformer,1,6,secondary,secondary_structure:strand,probe_raw,250,3429,12259,0.8751,0.86371,0.88567,0.74861,0.7293,0.76791,0.80693,0.79414,0.81903,0.0065,0.80675,0.00018,2000,0
pairformer,1,6,secondary,secondary_structure:coil,sae,250,6561,48809,0.70424,0.68726,0.71967,0.8767,0.86569,0.88819,0.78106,0.76988,0.79185,0.00561,0.78114,-8e-05,2000,0
pairformer,1,6,secondary,secondary_structure:coil,neuron,250,6561,48809,0.80124,0.78926,0.81303,0.71483,0.7029,0.72668,0.75557,0.74694,0.76449,0.0046,0.7557,-0.00013,2000,0
pairformer,1,6,secondary,secondary_structure:coil,probe_raw,250,6561,48809,0.86801,0.85898,0.87664,0.91145,0.90311,0.91994,0.8892,0.88296,0.89542,0.00321,0.88927,-8e-05,2000,0
pairformer,1,6,swissprot,beta_strand,sae,100,365,2103,0.16615,0.10142,0.22874,0.50685,0.40899,0.59308,0.25026,0.16692,0.32207,0.0398,0.24714,0.00312,2000,0
pairformer,1,6,swissprot,beta_strand,neuron,100,365,2103,0.16979,0.10314,0.23687,0.53699,0.46255,0.60898,0.25801,0.17123,0.33216,0.04152,0.25487,0.00314,2000,0
pairformer,1,6,swissprot,beta_strand,probe_raw,100,365,2103,0.15623,0.08752,0.23666,0.60822,0.49794,0.72415,0.2486,0.15173,0.34525,0.05002,0.24768,0.00092,2000,0
pairformer,1,6,swissprot,binding_site:substrate,sae,100,50,83,0.05769,0.0,0.125,0.06,0.0,0.11765,0.05882,0.0,0.1165,0.02837,0.05681,0.00201,2000,0
pairformer,1,6,swissprot,binding_site:substrate,neuron,100,50,83,0.05769,0.0,0.13517,0.06,0.0,0.11538,0.05882,0.0,0.1157,0.02897,0.05665,0.00217,2000,0
pairformer,1,6,swissprot,binding_site:substrate,probe_raw,100,50,83,0.00931,0.00288,0.01912,0.3,0.14812,0.43243,0.01806,0.00566,0.03611,0.00785,0.01825,-0.00019,2000,0
pairformer,1,6,swissprot,compositional_bias:basic_and_acidic_residues,sae,100,30,506,0.12651,0.04587,0.21119,0.33333,0.15625,0.53125,0.18341,0.07251,0.29305,0.05708,0.18013,0.00327,2000,0
pairformer,1,6,swissprot,compositional_bias:basic_and_acidic_residues,neuron,100,30,506,0.07692,0.01369,0.14925,0.43333,0.14286,0.69231,0.13065,0.02489,0.24015,0.05533,0.12737,0.00329,2000,0
pairformer,1,6,swissprot,compositional_bias:basic_and_acidic_residues,probe_raw,100,30,506,0.24336,0.12068,0.40283,0.6,0.39394,0.8,0.34627,0.19629,0.48662,0.07454,0.34578,0.0005,2000,0
pairformer,1,6,swissprot,compositional_bias:low_complexity,sae,100,16,278,0.09735,0.03141,0.18337,0.625,0.4,0.83355,0.16845,0.05885,0.28591,0.0586,0.16882,-0.00037,2000,0
pairformer,1,6,swissprot,compositional_bias:low_complexity,neuron,100,16,278,0.13636,0.0,0.33333,0.125,0.0,0.3125,0.13043,0.0,0.28126,0.07459,0.12304,0.0074,2000,0
pairformer,1,6,swissprot,compositional_bias:low_complexity,probe_raw,100,16,278,0.14381,0.04731,0.23445,0.5625,0.33281,0.78571,0.22905,0.08498,0.34453,0.06538,0.22285,0.0062,2000,0
pairformer,1,6,swissprot,compositional_bias:polar_residues,sae,100,19,279,0.03448,0.00467,0.07032,0.26316,0.05263,0.5,0.06098,0.00885,0.12043,0.02978,0.05939,0.00159,2000,0
pairformer,1,6,swissprot,compositional_bias:polar_residues,neuron,100,19,279,0.09375,0.01667,0.17241,0.26316,0.05263,0.45455,0.13825,0.02702,0.23576,0.05405,0.13334,0.00491,2000,0
pairformer,1,6,swissprot,compositional_bias:polar_residues,probe_raw,100,19,279,0.06858,0.01435,0.1587,0.47368,0.27578,0.69231,0.11982,0.02763,0.24257,0.05851,0.11918,0.00064,2000,0
pairformer,1,6,swissprot,disulfide_bond,sae,100,25,1179,0.18283,0.09412,0.30741,0.92,0.80948,1.0,0.30503,0.17187,0.46272,0.07404,0.307,-0.00196,2000,0
pairformer,1,6,swissprot,disulfide_bond,neuron,100,25,1179,0.34667,0.1525,0.56365,0.6,0.31571,0.85714,0.43944,0.21916,0.63081,0.1055,0.43343,0.00601,2000,0
pairformer,1,6,swissprot,disulfide_bond,probe_raw,100,25,1179,0.10398,0.02975,0.22027,0.44,0.205,0.76932,0.16821,0.05354,0.31959,0.06679,0.17198,-0.00377,2000,0
pairformer,1,6,swissprot,glycosylation:n-linked_glcnac_asparagine,sae,100,47,47,0.02083,0.0,0.06897,0.02128,0.0,0.07143,0.02105,0.0,0.06452,0.01947,0.02066,0.00039,2000,0
pairformer,1,6,swissprot,glycosylation:n-linked_glcnac_asparagine,neuron,100,47,47,0.01575,0.00609,0.02846,0.29787,0.15385,0.46431,0.02991,0.01184,0.05314,0.01067,0.02979,0.00012,2000,0
pairformer,1,6,swissprot,glycosylation:n-linked_glcnac_asparagine,probe_raw,100,47,47,0.06488,0.02778,0.112,0.61702,0.39987,0.80645,0.11741,0.05275,0.19261,0.03524,0.11793,-0.00052,2000,0
pairformer,1,6,swissprot,helix,sae,100,300,2847,0.17277,0.09516,0.26757,0.47667,0.41296,0.5459,0.25362,0.15697,0.34845,0.04895,0.25311,0.00051,2000,0
pairformer,1,6,swissprot,helix,neuron,100,300,2847,0.1804,0.10487,0.25562,0.49,0.39448,0.58025,0.26371,0.17032,0.34409,0.04468,0.26136,0.00235,2000,0
pairformer,1,6,swissprot,helix,probe_raw,100,300,2847,0.33053,0.15876,0.51179,0.48667,0.30691,0.6581,0.39368,0.2205,0.54515,0.08277,0.38931,0.00437,2000,0
pairformer,1,6,swissprot,modified_residue:phosphoserine,sae,100,25,26,0.00893,0.0,0.02096,0.16,0.0,0.33333,0.01691,0.0,0.03883,0.00967,0.0169,2e-05,2000,0
pairformer,1,6,swissprot,modified_residue:phosphoserine,neuron,100,25,26,0.02174,0.00352,0.04626,0.24,0.03223,0.59278,0.03987,0.00656,0.08429,0.02008,0.0385,0.00137,2000,0
pairformer,1,6,swissprot,modified_residue:phosphoserine,probe_raw,100,25,26,0.01327,0.0,0.03181,0.24,0.0,0.46667,0.02516,0.0,0.05895,0.01478,0.02523,-7e-05,2000,0
pairformer,1,6,swissprot,region:disordered,sae,100,73,3949,0.47699,0.34954,0.60549,0.83562,0.75758,0.91176,0.60731,0.49135,0.69964,0.05411,0.60263,0.00468,2000,0
pairformer,1,6,swissprot,region:disordered,neuron,100,73,3949,0.33043,0.25094,0.40873,0.87671,0.79994,0.94805,0.47996,0.38806,0.56147,0.04461,0.4767,0.00327,2000,0
pairformer,1,6,swissprot,region:disordered,probe_raw,100,73,3949,0.78584,0.68246,0.86394,0.86301,0.77273,0.94384,0.82262,0.74884,0.87885,0.03433,0.8203,0.00232,2000,0
pairformer,1,6,swissprot,signal_peptide,sae,100,22,480,0.10619,0.04514,0.18944,0.54545,0.31812,0.75,0.17778,0.08036,0.28801,0.05439,0.17981,-0.00203,2000,0
pairformer,1,6,swissprot,signal_peptide,neuron,100,22,480,0.27835,0.08972,0.46211,0.36364,0.16667,0.58333,0.31533,0.1216,0.48065,0.08907,0.30319,0.01213,2000,0
pairformer,1,6,swissprot,signal_peptide,probe_raw,100,22,480,0.49336,0.35713,0.64505,0.90909,0.77778,1.0,0.63961,0.503,0.76202,0.06608,0.63874,0.00087,2000,0
pairformer,1,6,swissprot,turn,sae,100,82,281,0.02655,0.00966,0.04911,0.14634,0.0615,0.25808,0.04494,0.01673,0.07884,0.01624,0.04446,0.00049,2000,0
pairformer,1,6,swissprot,turn,neuron,100,82,281,0.07143,0.00855,0.14865,0.09756,0.01315,0.20005,0.08247,0.01053,0.15703,0.03863,0.0811,0.00138,2000,0
pairformer,1,6,swissprot,turn,probe_raw,100,82,281,0.03982,0.01542,0.06933,0.18293,0.07933,0.32076,0.06541,0.02636,0.10772,0.02116,0.06529,0.00012,2000,0
pairformer,1,20,secondary,secondary_structure:helix,sae,250,3202,38043,0.68754,0.66217,0.71304,0.87414,0.86061,0.88705,0.76969,0.75182,0.78648,0.00876,0.76944,0.00025,2000,0
pairformer,1,20,secondary,secondary_structure:helix,neuron,250,3202,38043,0.60072,0.57237,0.62864,0.85041,0.83372,0.86733,0.70408,0.68263,0.72505,0.01079,0.70414,-5e-05,2000,0
pairformer,1,20,secondary,secondary_structure:helix,probe_raw,250,3202,38043,0.74927,0.73284,0.76546,0.98657,0.98282,0.99029,0.8517,0.84064,0.86256,0.00541,0.85156,0.00014,2000,0
pairformer,1,20,secondary,secondary_structure:strand,sae,250,3429,12259,0.32894,0.30537,0.35022,0.59405,0.56938,0.61849,0.42342,0.40078,0.44422,0.01078,0.42297,0.00045,2000,0
pairformer,1,20,secondary,secondary_structure:strand,neuron,250,3429,12259,0.40897,0.38733,0.42883,0.64188,0.61441,0.67084,0.49962,0.47885,0.51801,0.00982,0.49909,0.00053,2000,0
pairformer,1,20,secondary,secondary_structure:strand,probe_raw,250,3429,12259,0.91505,0.90626,0.92292,0.76349,0.74378,0.7829,0.83243,0.81985,0.84497,0.00659,0.83226,0.00017,2000,0
pairformer,1,20,secondary,secondary_structure:coil,sae,250,6561,48809,0.66719,0.64789,0.6868,0.8392,0.82344,0.85488,0.74337,0.73009,0.75668,0.00702,0.74366,-0.00028,2000,0
pairformer,1,20,secondary,secondary_structure:coil,neuron,250,6561,48809,0.77519,0.75843,0.79104,0.76772,0.75732,0.77818,0.77144,0.76256,0.78017,0.00453,0.77155,-0.00011,2000,0
pairformer,1,20,secondary,secondary_structure:coil,probe_raw,250,6561,48809,0.88096,0.87341,0.88865,0.91343,0.90495,0.92129,0.8969,0.89074,0.90275,0.00303,0.89695,-4e-05,2000,0
pairformer,1,20,swissprot,beta_strand,sae,100,365,2103,0.14894,0.08955,0.20831,0.45753,0.38823,0.5375,0.22472,0.14785,0.28972,0.03694,0.22253,0.00219,2000,0
pairformer,1,20,swissprot,beta_strand,neuron,100,365,2103,0.13193,0.07981,0.18517,0.71507,0.62365,0.79235,0.22277,0.14278,0.29629,0.03938,0.22036,0.0024,2000,0
pairformer,1,20,swissprot,beta_strand,probe_raw,100,365,2103,0.22655,0.12059,0.34299,0.50959,0.36899,0.64063,0.31366,0.18823,0.42966,0.06078,0.31125,0.00241,2000,0
pairformer,1,20,swissprot,binding_site:substrate,sae,100,50,83,0.08108,0.0,0.19514,0.06,0.0,0.14709,0.06897,0.0,0.15385,0.03824,0.06967,-0.00071,2000,0
pairformer,1,20,swissprot,binding_site:substrate,neuron,100,50,83,0.02353,0.00537,0.0493,0.08,0.02173,0.14815,0.03636,0.00897,0.0708,0.01627,0.03603,0.00034,2000,0
pairformer,1,20,swissprot,binding_site:substrate,probe_raw,100,50,83,0.0354,0.00512,0.07765,0.26,0.0645,0.44186,0.06231,0.0095,0.12895,0.0311,0.06156,0.00075,2000,0
pairformer,1,20,swissprot,compositional_bias:basic_and_acidic_residues,sae,100,30,506,0.14118,0.05745,0.24212,0.26667,0.1304,0.42308,0.18462,0.08333,0.28662,0.05288,0.18249,0.00212,2000,0
pairformer,1,20,swissprot,compositional_bias:basic_and_acidic_residues,neuron,100,30,506,0.11864,0.0679,0.16949,0.43333,0.26667,0.59461,0.18628,0.11103,0.24639,0.03533,0.1824,0.00388,2000,0
pairformer,1,20,swissprot,compositional_bias:basic_and_acidic_residues,probe_raw,100,30,506,0.31858,0.2092,0.43117,0.83333,0.71875,0.95238,0.46095,0.33631,0.57371,0.06015,0.45821,0.00273,2000,0
pairformer,1,20,swissprot,compositional_bias:low_complexity,sae,100,16,278,0.19307,0.04021,0.35863,0.375,0.11111,0.66667,0.2549,0.06156,0.40605,0.08739,0.24493,0.00997,2000,0
pairformer,1,20,swissprot,compositional_bias:low_complexity,neuron,100,16,278,0.08097,0.02403,0.14778,0.4375,0.2,0.72742,0.13665,0.04305,0.23227,0.04935,0.13394,0.00271,2000,0
pairformer,1,20,swissprot,compositional_bias:low_complexity,probe_raw,100,16,278,0.14823,0.04787,0.22697,0.5625,0.30769,0.82612,0.23463,0.084,0.33877,0.06465,0.22582,0.00881,2000,0
pairformer,1,20,swissprot,compositional_bias:polar_residues,sae,100,19,279,0.08571,0.01149,0.18968,0.26316,0.04762,0.52632,0.12931,0.0198,0.25974,0.06263,0.12573,0.00358,2000,0
pairformer,1,20,swissprot,compositional_bias:polar_residues,neuron,100,19,279,0.07042,0.0186,0.11595,0.47368,0.2,0.72727,0.12262,0.03477,0.19535,0.04058,0.11873,0.00389,2000,0
pairformer,1,20,swissprot,compositional_bias:polar_residues,probe_raw,100,19,279,0.11062,0.03569,0.20227,0.68421,0.49946,0.86364,0.19045,0.06774,0.31995,0.06375,0.1884,0.00205,2000,0
pairformer,1,20,swissprot,disulfide_bond,sae,100,25,1179,0.31214,0.15584,0.61789,0.84,0.64286,1.0,0.45515,0.26113,0.72465,0.1297,0.48339,-0.02824,2000,0
pairformer,1,20,swissprot,disulfide_bond,neuron,100,25,1179,0.15166,0.07221,0.23334,0.56,0.333,0.8,0.23868,0.11939,0.34541,0.05653,0.23509,0.00358,2000,0
pairformer,1,20,swissprot,disulfide_bond,probe_raw,100,25,1179,0.29513,0.14476,0.54346,1.0,1.0,1.0,0.45576,0.25291,0.70421,0.12293,0.47183,-0.01607,2000,0
pairformer,1,20,swissprot,glycosylation:n-linked_glcnac_asparagine,sae,100,47,47,0.02009,0.0096,0.03374,0.68085,0.51163,0.84,0.03902,0.01889,0.06432,0.01161,0.03921,-0.00019,2000,0
pairformer,1,20,swissprot,glycosylation:n-linked_glcnac_asparagine,neuron,100,47,47,0.03318,0.01087,0.05587,0.14894,0.06447,0.23638,0.05426,0.01895,0.08532,0.01699,0.05291,0.00136,2000,0
pairformer,1,20,swissprot,glycosylation:n-linked_glcnac_asparagine,probe_raw,100,47,47,0.08407,0.04293,0.125,0.80851,0.65852,0.93333,0.1523,0.08101,0.2174,0.03428,0.15062,0.00169,2000,0
pairformer,1,20,swissprot,helix,sae,100,300,2847,0.19747,0.11903,0.27969,0.53333,0.45049,0.63132,0.28822,0.19426,0.37106,0.04549,0.28576,0.00246,2000,0
pairformer,1,20,swissprot,helix,neuron,100,300,2847,0.1573,0.08563,0.23592,0.41667,0.33492,0.5036,0.22838,0.13959,0.30878,0.04462,0.22539,0.00298,2000,0
pairformer,1,20,swissprot,helix,probe_raw,100,300,2847,0.28192,0.16554,0.40777,0.74667,0.65838,0.81001,0.4093,0.26788,0.52858,0.06679,0.4049,0.0044,2000,0
pairformer,1,20,swissprot,modified_residue:phosphoserine,sae,100,25,26,0.0339,0.0,0.10909,0.08,0.0,0.30769,0.04762,0.0,0.15,0.04502,0.0471,0.00052,2000,0
pairformer,1,20,swissprot,modified_residue:phosphoserine,neuron,100,25,26,0.03302,0.00826,0.06078,0.28,0.11101,0.42857,0.05907,0.01503,0.10345,0.02192,0.057,0.00208,2000,0
pairformer,1,20,swissprot,modified_residue:phosphoserine,probe_raw,100,25,26,0.01991,0.00529,0.03828,0.36,0.13043,0.66667,0.03774,0.01031,0.07125,0.01548,0.03784,-0.0001,2000,0
pairformer,1,20,swissprot,region:disordered,sae,100,73,3949,0.53539,0.42417,0.6293,0.93151,0.87496,0.98361,0.67996,0.5795,0.75547,0.0455,0.67615,0.00381,2000,0
pairformer,1,20,swissprot,region:disordered,neuron,100,73,3949,0.44573,0.32882,0.54716,0.93151,0.86207,0.98485,0.60295,0.48571,0.69114,0.05434,0.59709,0.00586,2000,0
pairformer,1,20,swissprot,region:disordered,probe_raw,100,73,3949,0.83673,0.75391,0.90246,0.90411,0.81818,0.97298,0.86911,0.805,0.91791,0.02855,0.86726,0.00185,2000,0
pairformer,1,20,swissprot,signal_peptide,sae,100,22,480,0.2093,0.06667,0.37145,0.31818,0.11765,0.52632,0.25251,0.0869,0.41103,0.08174,0.25189,0.00062,2000,0
pairformer,1,20,swissprot,signal_peptide,neuron,100,22,480,0.12981,0.06217,0.20887,0.59091,0.38889,0.8,0.21286,0.10847,0.32211,0.05396,0.21272,0.00014,2000,0
pairformer,1,20,swissprot,signal_peptide,probe_raw,100,22,480,0.62389,0.50214,0.7328,0.95455,0.85,1.0,0.75459,0.65046,0.83667,0.04743,0.75206,0.00253,2000,0
pairformer,1,20,swissprot,turn,sae,100,82,281,0.05455,0.01852,0.09859,0.14634,0.05882,0.25275,0.07947,0.02867,0.13462,0.02753,0.07814,0.00133,2000,0
pairformer,1,20,swissprot,turn,neuron,100,82,281,0.0262,0.01094,0.04507,0.14634,0.06849,0.25928,0.04444,0.0191,0.07436,0.01421,0.04442,2e-05,2000,0
pairformer,1,20,swissprot,turn,probe_raw,100,82,281,0.04867,0.02429,0.07862,0.26829,0.14773,0.40208,0.0824,0.04228,0.12731,0.02243,0.0821,0.0003,2000,0
pairformer,1,47,secondary,secondary_structure:helix,sae,250,3202,38043,0.65213,0.62742,0.67714,0.83385,0.81798,0.84978,0.73188,0.714,0.74978,0.00916,0.73172,0.00016,2000,0
pairformer,1,47,secondary,secondary_structure:helix,neuron,250,3202,38043,0.68851,0.66187,0.71441,0.80981,0.78833,0.83234,0.74425,0.7232,0.76368,0.01039,0.74418,7e-05,2000,0
pairformer,1,47,secondary,secondary_structure:helix,probe_raw,250,3202,38043,0.7451,0.7278,0.76303,0.98501,0.98021,0.98967,0.84842,0.8367,0.86018,0.00599,0.84833,9e-05,2000,0
pairformer,1,47,secondary,secondary_structure:strand,sae,250,3429,12259,0.37423,0.34518,0.40124,0.63925,0.6031,0.67303,0.47209,0.44355,0.49761,0.01328,0.47147,0.00061,2000,0
pairformer,1,47,secondary,secondary_structure:strand,neuron,250,3429,12259,0.35357,0.33386,0.37283,0.63925,0.59331,0.68275,0.45531,0.43203,0.47715,0.0112,0.45483,0.00048,2000,0
pairformer,1,47,secondary,secondary_structure:strand,probe_raw,250,3429,12259,0.89407,0.88406,0.90327,0.75766,0.73897,0.77547,0.82023,0.80777,0.83203,0.00629,0.82002,0.00021,2000,0
pairformer,1,47,secondary,secondary_structure:coil,sae,250,6561,48809,0.71774,0.69726,0.73723,0.69761,0.67982,0.71697,0.70753,0.6942,0.72123,0.00702,0.70773,-0.0002,2000,0
pairformer,1,47,secondary,secondary_structure:coil,neuron,250,6561,48809,0.73383,0.71516,0.75088,0.78631,0.7696,0.80246,0.75917,0.74724,0.7706,0.00589,0.75921,-5e-05,2000,0
pairformer,1,47,secondary,secondary_structure:coil,probe_raw,250,6561,48809,0.88026,0.87234,0.88794,0.92699,0.91922,0.93455,0.90302,0.89719,0.90884,0.00303,0.90311,-9e-05,2000,0
pairformer,1,47,swissprot,beta_strand,sae,100,365,2103,0.17617,0.10109,0.25516,0.31781,0.2313,0.41305,0.22669,0.14513,0.29607,0.03941,0.2238,0.00288,2000,0
pairformer,1,47,swissprot,beta_strand,neuron,100,365,2103,0.13957,0.07755,0.20506,0.49589,0.40062,0.5812,0.21783,0.13215,0.29738,0.04248,0.21458,0.00324,2000,0
pairformer,1,47,swissprot,beta_strand,probe_raw,100,365,2103,0.18942,0.11083,0.27026,0.69315,0.58006,0.80613,0.29754,0.18937,0.39429,0.05368,0.29502,0.00252,2000,0
pairformer,1,47,swissprot,binding_site:substrate,sae,100,50,83,0.05556,0.0,0.12195,0.06,0.0,0.13333,0.05769,0.0,0.11765,0.02996,0.05695,0.00074,2000,0
pairformer,1,47,swissprot,binding_site:substrate,neuron,100,50,83,0.13333,0.0,0.33333,0.04,0.0,0.10811,0.06154,0.0,0.15385,0.04062,0.06083,0.00071,2000,0
pairformer,1,47,swissprot,binding_site:substrate,probe_raw,100,50,83,0.02655,0.00525,0.05707,0.2,0.07143,0.32261,0.04688,0.0098,0.09598,0.0229,0.04635,0.00053,2000,0
pairformer,1,47,swissprot,compositional_bias:basic_and_acidic_residues,sae,100,30,506,0.11792,0.07317,0.16197,0.8,0.64,0.94118,0.20555,0.13247,0.27135,0.03514,0.20407,0.00148,2000,0
pairformer,1,47,swissprot,compositional_bias:basic_and_acidic_residues,neuron,100,30,506,0.06912,0.02174,0.13096,0.23333,0.09091,0.39396,0.10665,0.03614,0.18521,0.03879,0.10608,0.00057,2000,0
pairformer,1,47,swissprot,compositional_bias:basic_and_acidic_residues,probe_raw,100,30,506,0.27655,0.16745,0.37273,0.8,0.68571,0.91435,0.41102,0.27535,0.50733,0.05854,0.406,0.00502,2000,0
pairformer,1,47,swissprot,compositional_bias:low_complexity,sae,100,16,278,0.09953,0.03801,0.16153,0.5,0.3,0.71429,0.16601,0.06882,0.24848,0.04637,0.16204,0.00397,2000,0
pairformer,1,47,swissprot,compositional_bias:low_complexity,neuron,100,16,278,1.0,0.0,1.0,0.0625,0.0,0.22222,0.11765,0.0,0.36364,0.10947,0.11545,0.00219,2000,0
pairformer,1,47,swissprot,compositional_bias:low_complexity,probe_raw,100,16,278,0.13969,0.0725,0.20744,0.875,0.66667,1.0,0.24092,0.1339,0.33893,0.05319,0.23606,0.00486,2000,0
pairformer,1,47,swissprot,compositional_bias:polar_residues,sae,100,19,279,0.04976,0.01098,0.12238,0.57895,0.30769,0.8,0.09165,0.02127,0.20749,0.04826,0.09299,-0.00134,2000,0
pairformer,1,47,swissprot,compositional_bias:polar_residues,neuron,100,19,279,0.125,0.0,0.33333,0.10526,0.0,0.25,0.11429,0.0,0.25806,0.07038,0.11049,0.0038,2000,0
pairformer,1,47,swissprot,compositional_bias:polar_residues,probe_raw,100,19,279,0.09685,0.03015,0.17079,0.68421,0.375,0.88889,0.16968,0.05673,0.27918,0.05646,0.16686,0.00282,2000,0
pairformer,1,47,swissprot,disulfide_bond,sae,100,25,1179,0.28276,0.14911,0.55558,0.8,0.66667,0.92863,0.41783,0.25166,0.66188,0.11327,0.44245,-0.02462,2000,0
pairformer,1,47,swissprot,disulfide_bond,neuron,100,25,1179,0.4,0.0,1.0,0.08,0.0,0.22222,0.13333,0.0,0.32,0.08741,0.13167,0.00166,2000,0
pairformer,1,47,swissprot,disulfide_bond,probe_raw,100,25,1179,0.2677,0.13496,0.4699,0.72,0.46667,0.96,0.39029,0.21639,0.59215,0.09649,0.39542,-0.00514,2000,0
pairformer,1,47,swissprot,glycosylation:n-linked_glcnac_asparagine,sae,100,47,47,0.02289,0.01004,0.03827,0.40426,0.28571,0.525,0.04333,0.0195,0.07014,0.01305,0.04331,2e-05,2000,0
pairformer,1,47,swissprot,glycosylation:n-linked_glcnac_asparagine,neuron,100,47,47,0.04762,0.0,0.16667,0.02128,0.0,0.08333,0.02941,0.0,0.10128,0.03023,0.03006,-0.00065,2000,0
pairformer,1,47,swissprot,glycosylation:n-linked_glcnac_asparagine,probe_raw,100,47,47,0.07522,0.035,0.12297,0.7234,0.53333,0.88571,0.13627,0.06599,0.21258,0.03753,0.13591,0.00036,2000,0
pairformer,1,47,swissprot,helix,sae,100,300,2847,0.17424,0.09709,0.25829,0.53,0.44332,0.61907,0.26226,0.16031,0.35436,0.05007,0.25961,0.00265,2000,0
pairformer,1,47,swissprot,helix,neuron,100,300,2847,0.19101,0.11116,0.27425,0.50667,0.41559,0.59814,0.27743,0.17775,0.36415,0.04774,0.27531,0.00213,2000,0
pairformer,1,47,swissprot,helix,probe_raw,100,300,2847,0.29469,0.14993,0.45546,0.55667,0.40224,0.70001,0.38537,0.22668,0.52363,0.07648,0.38207,0.0033,2000,0
pairformer,1,47,swissprot,modified_residue:phosphoserine,sae,100,25,26,0.04762,0.0,0.17647,0.04,0.0,0.13636,0.04348,0.0,0.13636,0.04133,0.04142,0.00206,2000,0
pairformer,1,47,swissprot,modified_residue:phosphoserine,neuron,100,25,26,0.0625,0.0,0.18182,0.04,0.0,0.125,0.04878,0.0,0.13793,0.04252,0.04695,0.00183,2000,0
pairformer,1,47,swissprot,modified_residue:phosphoserine,probe_raw,100,25,26,0.00664,0.0,0.01856,0.12,0.0,0.33333,0.01258,0.0,0.03466,0.00917,0.01271,-0.00013,2000,0
pairformer,1,47,swissprot,region:disordered,sae,100,73,3949,0.58084,0.4662,0.6758,0.90411,0.83634,0.96341,0.70729,0.61175,0.78141,0.04345,0.70367,0.00362,2000,0
pairformer,1,47,swissprot,region:disordered,neuron,100,73,3949,0.43105,0.33673,0.51032,0.9726,0.93103,1.0,0.59736,0.4982,0.67082,0.04373,0.59381,0.00355,2000,0
pairformer,1,47,swissprot,region:disordered,probe_raw,100,73,3949,0.79912,0.71252,0.87175,0.94521,0.8765,0.98837,0.86604,0.80307,0.91469,0.0281,0.86424,0.0018,2000,0
pairformer,1,47,swissprot,signal_peptide,sae,100,22,480,0.12632,0.04798,0.23077,0.40909,0.21053,0.625,0.19303,0.08156,0.3182,0.06153,0.19166,0.00137,2000,0
pairformer,1,47,swissprot,signal_peptide,neuron,100,22,480,0.28571,0.07692,0.53339,0.22727,0.05882,0.41667,0.25316,0.06447,0.43375,0.09454,0.25226,0.0009,2000,0
pairformer,1,47,swissprot,signal_peptide,probe_raw,100,22,480,0.65044,0.53249,0.76938,1.0,1.0,1.0,0.7882,0.69493,0.86966,0.04469,0.78596,0.00224,2000,0
pairformer,1,47,swissprot,turn,sae,100,82,281,0.05,0.00869,0.10436,0.04878,0.0098,0.10345,0.04938,0.01,0.09424,0.02269,0.0473,0.00209,2000,0
pairformer,1,47,swissprot,turn,neuron,100,82,281,0.05288,0.02525,0.08597,0.12195,0.06154,0.2,0.07378,0.03676,0.11251,0.01956,0.0739,-0.00013,2000,0
pairformer,1,47,swissprot,turn,probe_raw,100,82,281,0.04867,0.01139,0.09501,0.21951,0.07244,0.37707,0.07968,0.01937,0.14711,0.03371,0.07767,0.00201,2000,0
diffusion,199,22,secondary,secondary_structure:helix,sae,57,776,9725,0.68558,0.61214,0.75307,0.93041,0.91267,0.94654,0.78945,0.73809,0.83295,0.02405,0.789,0.00045,2000,0
diffusion,199,22,secondary,secondary_structure:helix,neuron,57,776,9725,0.65927,0.58997,0.71983,0.92268,0.90462,0.93939,0.76904,0.72074,0.80839,0.02252,0.76857,0.00047,2000,0
diffusion,199,22,secondary,secondary_structure:helix,probe_raw,57,776,9725,0.77651,0.73411,0.81413,0.96392,0.93759,0.98206,0.86012,0.8312,0.88371,0.0132,0.85978,0.00034,2000,0
diffusion,199,22,secondary,secondary_structure:strand,sae,57,749,2787,0.46312,0.4079,0.51007,0.82644,0.79138,0.85894,0.5936,0.54395,0.63433,0.02374,0.59209,0.00151,2000,0
diffusion,199,22,secondary,secondary_structure:strand,neuron,57,749,2787,0.37332,0.32082,0.42305,0.93591,0.91509,0.95528,0.53374,0.47755,0.58429,0.0275,0.53224,0.0015,2000,0
diffusion,199,22,secondary,secondary_structure:strand,probe_raw,57,749,2787,0.83767,0.80792,0.86536,0.75434,0.69142,0.80544,0.79382,0.75186,0.82799,0.01963,0.79296,0.00086,2000,0
diffusion,199,22,secondary,secondary_structure:coil,sae,57,1516,11345,0.76843,0.7351,0.80173,0.80871,0.78686,0.82912,0.78805,0.7669,0.80884,0.01099,0.78788,0.00018,2000,0
diffusion,199,22,secondary,secondary_structure:coil,neuron,57,1516,11345,0.67394,0.63718,0.70822,0.87467,0.84766,0.8996,0.76129,0.7341,0.78729,0.01381,0.76085,0.00045,2000,0
diffusion,199,22,secondary,secondary_structure:coil,probe_raw,57,1516,11345,0.83771,0.81243,0.86043,0.93272,0.91478,0.94987,0.88266,0.86711,0.89744,0.00767,0.88245,0.00021,2000,0
diffusion,199,22,swissprot,beta_strand,sae,100,365,2103,0.1603,0.09548,0.2234,0.72055,0.6421,0.79151,0.26225,0.16803,0.34257,0.04508,0.25955,0.0027,2000,0
diffusion,199,22,swissprot,beta_strand,neuron,100,365,2103,0.17553,0.10588,0.24492,0.68767,0.59282,0.77828,0.27968,0.18137,0.36441,0.04735,0.27736,0.00232,2000,0
diffusion,199,22,swissprot,beta_strand,probe_raw,100,365,2103,0.15325,0.07559,0.24348,0.50959,0.37355,0.63019,0.23563,0.12873,0.33967,0.05501,0.23331,0.00232,2000,0
diffusion,199,22,swissprot,binding_site:substrate,sae,100,50,83,0.0198,0.0,0.05557,0.04,0.0,0.11538,0.02649,0.0,0.06994,0.01888,0.02728,-0.00079,2000,0
diffusion,199,22,swissprot,binding_site:substrate,neuron,100,50,83,0.1,0.0,0.33333,0.02,0.0,0.06667,0.03333,0.0,0.10714,0.03215,0.03364,-0.00031,2000,0
diffusion,199,22,swissprot,binding_site:substrate,probe_raw,100,50,83,0.00608,0.00211,0.01194,0.42,0.22222,0.65008,0.01199,0.00418,0.0233,0.00505,0.01197,2e-05,2000,0
diffusion,199,22,swissprot,compositional_bias:basic_and_acidic_residues,sae,100,30,506,0.12389,0.01382,0.28573,0.2,0.07407,0.375,0.15301,0.02454,0.27809,0.06493,0.14683,0.00617,2000,0
diffusion,199,22,swissprot,compositional_bias:basic_and_acidic_residues,neuron,100,30,506,0.14823,0.0396,0.26524,0.2,0.07407,0.375,0.17027,0.05255,0.27116,0.05501,0.16526,0.00501,2000,0
diffusion,199,22,swissprot,compositional_bias:basic_and_acidic_residues,probe_raw,100,30,506,0.13969,0.02284,0.25207,0.33333,0.13636,0.5003,0.19687,0.04061,0.31624,0.07131,0.18638,0.0105,2000,0
diffusion,199,22,swissprot,compositional_bias:low_complexity,sae,100,16,278,0.09237,0.0,0.14179,0.1875,0.0,0.4375,0.12377,0.0,0.19726,0.04689,0.1154,0.00836,2000,0
diffusion,199,22,swissprot,compositional_bias:low_complexity,neuron,100,16,278,0.07965,0.01719,0.18868,0.375,0.125,0.71429,0.13139,0.03144,0.27163,0.06165,0.13603,-0.00464,2000,0
diffusion,199,22,swissprot,compositional_bias:low_complexity,probe_raw,100,16,278,0.03262,0.01134,0.06048,0.625,0.38878,0.84615,0.062,0.02222,0.11075,0.02312,0.06185,0.00016,2000,0
diffusion,199,22,swissprot,compositional_bias:polar_residues,sae,100,19,279,0.12821,0.0,0.5,0.10526,0.0,0.26667,0.11561,0.0,0.2851,0.0777,0.11817,-0.00256,2000,0
diffusion,199,22,swissprot,compositional_bias:polar_residues,neuron,100,19,279,0.09881,0.0,0.23829,0.26316,0.0,0.5,0.14368,0.0,0.28654,0.08031,0.12986,0.01382,2000,0
diffusion,199,22,swissprot,compositional_bias:polar_residues,probe_raw,100,19,279,0.01757,0.00577,0.0307,0.57895,0.36364,0.81818,0.0341,0.01137,0.05878,0.0121,0.03355,0.00055,2000,0
diffusion,199,22,swissprot,disulfide_bond,sae,100,25,1179,0.20317,0.0,0.38296,0.12,0.0,0.31579,0.15088,0.0,0.2884,0.07257,0.14286,0.00802,2000,0
diffusion,199,22,swissprot,disulfide_bond,neuron,100,25,1179,0.08134,0.01511,0.16008,0.48,0.28571,0.66667,0.13911,0.02936,0.24766,0.05693,0.1364,0.00271,2000,0
diffusion,199,22,swissprot,disulfide_bond,probe_raw,100,25,1179,0.04812,0.02109,0.08262,1.0,1.0,1.0,0.09181,0.04131,0.15262,0.02851,0.09307,-0.00126,2000,0
diffusion,199,22,swissprot,glycosylation:n-linked_glcnac_asparagine,sae,100,47,47,0.01843,0.0,0.02332,0.08511,0.0,0.21053,0.0303,0.0,0.0404,0.01239,0.02515,0.00515,2000,0
diffusion,199,22,swissprot,glycosylation:n-linked_glcnac_asparagine,neuron,100,47,47,0.032,0.0,0.06977,0.08511,0.0,0.21053,0.04651,0.0,0.08667,0.02498,0.04059,0.00592,2000,0
diffusion,199,22,swissprot,glycosylation:n-linked_glcnac_asparagine,probe_raw,100,47,47,0.01991,0.00668,0.04167,0.19149,0.08333,0.31585,0.03607,0.01254,0.07192,0.01557,0.0375,-0.00143,2000,0
diffusion,199,22,swissprot,helix,sae,100,300,2847,0.21305,0.11536,0.3139,0.44,0.33333,0.54663,0.28709,0.17587,0.38176,0.05394,0.28366,0.00344,2000,0
diffusion,199,22,swissprot,helix,neuron,100,300,2847,0.22272,0.12216,0.32709,0.45333,0.33561,0.56875,0.29869,0.18598,0.39383,0.05289,0.29583,0.00286,2000,0
diffusion,199,22,swissprot,helix,probe_raw,100,300,2847,0.16151,0.08947,0.247,0.76333,0.58254,0.91064,0.26661,0.15773,0.37813,0.05692,0.26577,0.00085,2000,0
diffusion,199,22,swissprot,modified_residue:phosphoserine,sae,100,25,26,0.00966,0.0,0.0303,0.08,0.0,0.26667,0.01724,0.0,0.05178,0.01615,0.0166,0.00064,2000,0
diffusion,199,22,swissprot,modified_residue:phosphoserine,neuron,100,25,26,0.01149,0.0,0.02281,0.12,0.0,0.2,0.02098,0.0,0.04041,0.01006,0.02052,0.00046,2000,0
diffusion,199,22,swissprot,modified_residue:phosphoserine,probe_raw,100,25,26,0.00399,0.00133,0.00706,0.36,0.19981,0.56257,0.00789,0.00265,0.01388,0.00292,0.00792,-3e-05,2000,0
diffusion,199,22,swissprot,region:disordered,sae,100,73,3949,0.41273,0.31628,0.51316,0.93151,0.87719,0.98183,0.57201,0.47137,0.66549,0.049,0.57185,0.00016,2000,0
diffusion,199,22,swissprot,region:disordered,neuron,100,73,3949,0.50664,0.39474,0.60386,0.71233,0.61764,0.81333,0.59213,0.50201,0.66393,0.04135,0.59049,0.00164,2000,0
diffusion,199,22,swissprot,region:disordered,probe_raw,100,73,3949,0.54562,0.44083,0.63125,0.9863,0.95238,1.0,0.70257,0.60889,0.77118,0.04137,0.7002,0.00237,2000,0
diffusion,199,22,swissprot,signal_peptide,sae,100,22,480,0.05843,0.03141,0.11081,0.86364,0.70588,1.0,0.10945,0.06062,0.19795,0.03512,0.11424,-0.00479,2000,0
diffusion,199,22,swissprot,signal_peptide,neuron,100,22,480,0.10137,0.01501,0.20228,0.27273,0.09081,0.46154,0.1478,0.02599,0.26383,0.06184,0.14196,0.00584,2000,0
diffusion,199,22,swissprot,signal_peptide,probe_raw,100,22,480,0.25612,0.13177,0.41083,0.68182,0.47049,0.87512,0.37237,0.21254,0.53664,0.08256,0.37439,-0.00202,2000,0
diffusion,199,22,swissprot,turn,sae,100,82,281,0.01822,0.00966,0.02761,0.43902,0.35061,0.53448,0.03499,0.01894,0.05219,0.00858,0.03473,0.00026,2000,0
diffusion,199,22,swissprot,turn,neuron,100,82,281,0.01947,0.00723,0.03204,0.14634,0.05999,0.25,0.03437,0.01305,0.05502,0.01085,0.03362,0.00075,2000,0
diffusion,199,22,swissprot,turn,probe_raw,100,82,281,0.02325,0.01168,0.03964,0.41463,0.28762,0.54548,0.04402,0.02274,0.07284,0.01303,0.0445,-0.00048,2000,0
